run,cd,cl,clf,clr,cs
1,3.035117e-01,6.772802e-02,-3.728616e-02,1.050142e-01,4.766758e-02
2,2.811713e-01,4.545340e-02,-3.757807e-02,8.303147e-02,3.035559e-03
3,2.580971e-01,9.539138e-03,-1.214874e-01,1.310265e-01,1.850013e-02
4,2.882351e-01,4.952113e-02,-8.949596e-02,1.390171e-01,2.848573e-02
5,2.453419e-01,-4.907301e-02,-9.896183e-02,4.988882e-02,-1.021062e-02
6,2.646273e-01,-3.842136e-02,-1.275001e-01,8.907874e-02,1.012350e-02
7,2.659051e-01,-4.953184e-03,-4.644796e-02,4.149477e-02,2.893948e-03
8,2.950137e-01,3.005744e-02,-1.078238e-01,1.378812e-01,1.971020e-02
9,2.810974e-01,1.278322e-01,6.574871e-04,1.271747e-01,2.164054e-02
10,2.402401e-01,-7.391179e-02,-1.541897e-01,8.027796e-02,7.835460e-03
11,3.158833e-01,1.196749e-01,-2.481210e-02,1.444870e-01,4.994975e-02
12,2.629017e-01,4.532444e-02,-7.135743e-02,1.166819e-01,1.034534e-02
13,2.729501e-01,-4.254468e-02,-1.575819e-01,1.150373e-01,1.920503e-02
14,2.951097e-01,1.211445e-01,-3.548076e-04,1.214993e-01,4.425028e-02
15,2.890822e-01,-3.865998e-03,-7.102278e-02,6.715678e-02,2.455571e-02
16,2.644544e-01,-4.969649e-03,-1.317027e-01,1.267331e-01,2.964265e-02
17,2.503583e-01,5.034050e-03,-9.702957e-02,1.020636e-01,7.261215e-03
18,2.949358e-01,4.655781e-03,-5.047525e-02,5.513103e-02,2.556756e-02
19,3.038487e-01,1.185991e-01,-4.718844e-02,1.657875e-01,5.639504e-02
20,2.751891e-01,-3.451100e-02,-1.559199e-01,1.214089e-01,2.110550e-02
21,2.785419e-01,6.984654e-02,-8.372783e-03,7.821933e-02,2.295238e-02
22,2.958881e-01,6.091097e-03,-1.070224e-01,1.131134e-01,2.519078e-02
23,2.769812e-01,2.095328e-02,-8.383555e-02,1.047888e-01,2.737494e-02
24,2.629866e-01,1.295406e-01,-1.834210e-02,1.478827e-01,2.702784e-02
25,2.840931e-01,-4.791146e-02,-1.583541e-01,1.104426e-01,4.204415e-03
26,2.744479e-01,5.166488e-02,-4.448450e-02,9.614938e-02,3.984251e-02
27,2.563980e-01,2.997671e-02,-1.219260e-01,1.519027e-01,3.633416e-02
28,2.760928e-01,5.001071e-02,3.265779e-03,4.674493e-02,1.083527e-03
29,3.283646e-01,1.298925e-01,-2.271569e-02,1.526082e-01,3.849003e-02
30,2.744776e-01,3.734862e-02,-8.700425e-02,1.243529e-01,1.843822e-02
31,2.553269e-01,2.334165e-02,-1.500828e-01,1.734245e-01,1.525401e-02
32,2.717030e-01,-6.125285e-02,-1.370186e-01,7.576571e-02,1.288641e-02
33,2.729646e-01,-4.049016e-02,-1.337206e-01,9.323045e-02,1.066148e-02
34,2.719704e-01,1.274260e-01,-1.598728e-02,1.434132e-01,2.167313e-02
35,2.815975e-01,3.000521e-02,-6.560925e-02,9.561446e-02,9.957759e-03
36,2.852321e-01,5.989973e-02,-5.105954e-02,1.109593e-01,3.362461e-02
37,2.766184e-01,1.304397e-02,-2.869380e-02,4.173777e-02,1.867089e-02
38,2.602997e-01,-8.508346e-02,-1.874680e-01,1.023845e-01,1.118366e-02
39,3.351154e-01,1.231065e-01,3.748379e-03,1.193581e-01,5.577402e-02
40,2.790196e-01,9.809639e-02,-6.294255e-02,1.610389e-01,3.111253e-02
41,2.724442e-01,7.632759e-02,-2.652436e-02,1.028520e-01,-6.606698e-04
42,2.778294e-01,2.854423e-02,-8.954955e-02,1.180938e-01,2.785315e-02
43,2.502195e-01,-1.177773e-01,-1.582150e-01,4.043769e-02,1.570675e-02
44,2.974618e-01,6.602900e-02,-2.221277e-02,8.824177e-02,3.793492e-02
45,2.603495e-01,-2.028244e-02,-9.099931e-02,7.071687e-02,1.022020e-02
46,2.890374e-01,3.010622e-02,-1.201042e-01,1.502104e-01,2.165495e-02
47,3.120275e-01,1.793221e-01,-2.716440e-02,2.064865e-01,2.462079e-02
48,2.471739e-01,-5.263690e-02,-9.678756e-02,4.415066e-02,5.015213e-03
49,3.153477e-01,1.044372e-01,-5.280819e-02,1.572454e-01,5.233443e-02
50,2.544286e-01,-1.418390e-01,-2.093633e-01,6.752422e-02,1.592581e-02
51,2.763026e-01,8.700721e-02,-6.833383e-02,1.553410e-01,2.849523e-02
52,2.721090e-01,-4.240439e-02,-1.081977e-01,6.579330e-02,1.503114e-02
53,2.924859e-01,5.231534e-02,-1.050077e-01,1.573230e-01,4.119771e-02
54,2.812637e-01,1.501678e-02,-4.555254e-02,6.056931e-02,1.550808e-02
55,2.713940e-01,3.545602e-02,-1.271272e-01,1.625832e-01,4.583161e-02
56,2.987496e-01,6.765241e-02,-3.081930e-02,9.847172e-02,3.741818e-02
57,2.880350e-01,6.180771e-02,-9.510196e-02,1.569097e-01,3.646859e-02
58,2.920513e-01,9.012170e-02,1.879867e-04,8.993371e-02,2.667654e-02
59,2.793883e-01,-2.547009e-02,-8.598282e-02,6.051273e-02,2.912647e-02
60,2.481292e-01,-8.076045e-02,-1.964510e-01,1.156905e-01,1.226584e-02
61,2.872326e-01,8.170448e-02,-6.431958e-03,8.813644e-02,2.659747e-02
62,2.436493e-01,2.200471e-02,-7.119141e-02,9.319612e-02,2.466802e-02
63,2.815720e-01,5.061682e-02,-8.687422e-02,1.374910e-01,3.561733e-02
64,2.766358e-01,3.112744e-02,-8.782031e-02,1.189478e-01,1.285057e-02
65,2.656227e-01,-9.295677e-02,-1.486287e-01,5.567188e-02,4.386207e-03
66,2.732928e-01,9.364980e-02,-3.513842e-02,1.287882e-01,1.448580e-02
67,2.529470e-01,5.133805e-02,-9.967668e-02,1.510147e-01,2.690086e-02
68,2.742291e-01,-2.733247e-02,-7.327360e-02,4.594114e-02,-5.957650e-03
69,3.136516e-01,1.069909e-01,-5.236627e-02,1.593572e-01,4.096100e-02
70,2.608461e-01,-5.258671e-02,-1.902118e-01,1.376251e-01,1.545765e-02
71,2.632736e-01,2.092445e-02,-2.641796e-02,4.734240e-02,-7.482291e-04
72,2.752652e-01,2.067424e-02,-8.634687e-02,1.070211e-01,1.290703e-02
73,2.845694e-01,1.044944e-01,1.795480e-02,8.653962e-02,2.940393e-02
74,2.798071e-01,7.876349e-03,-1.047196e-01,1.125959e-01,2.595154e-02
75,2.756486e-01,1.647375e-02,-1.830802e-01,1.995539e-01,1.793691e-02
76,2.551970e-01,3.762818e-02,-3.703210e-02,7.466028e-02,2.526193e-03
77,2.925788e-01,6.200032e-02,-1.145264e-01,1.765267e-01,4.685326e-02
78,3.037316e-01,1.021242e-01,2.478014e-03,9.964617e-02,1.045338e-02
79,2.939340e-01,1.884604e-02,-5.512535e-02,7.397139e-02,2.368397e-02
80,2.577281e-01,-9.782907e-02,-1.215068e-01,2.367777e-02,9.888834e-04
81,2.441520e-01,3.295557e-02,-9.794990e-02,1.309055e-01,1.202768e-02
82,3.068153e-01,8.060897e-02,-2.908217e-02,1.096911e-01,4.824024e-02
83,2.740477e-01,9.561160e-02,-1.645576e-02,1.120674e-01,3.749601e-02
84,2.908989e-01,-6.410121e-02,-1.416208e-01,7.751959e-02,8.473223e-03
85,2.454145e-01,-3.444966e-02,-1.403979e-01,1.059482e-01,3.204311e-02
86,2.912445e-01,5.105605e-02,-7.733312e-02,1.283892e-01,2.104279e-02
87,2.681718e-01,-4.685160e-02,-1.506887e-01,1.038371e-01,9.383146e-03
88,3.057566e-01,1.176839e-01,-7.803497e-03,1.254874e-01,2.696682e-02
89,2.808062e-01,-1.317918e-02,-1.268000e-01,1.136208e-01,1.800102e-02
90,2.788965e-01,1.167150e-01,-4.324001e-02,1.599550e-01,2.978096e-02
91,2.739493e-01,-2.818611e-02,-8.764502e-02,5.945892e-02,1.857532e-02
92,2.903494e-01,1.571214e-01,4.838630e-02,1.087351e-01,2.209977e-02
93,2.895507e-01,5.921877e-02,-2.909102e-02,8.830979e-02,3.324543e-02
94,2.559966e-01,-8.334113e-02,-1.210672e-01,3.772607e-02,1.100813e-02
95,2.797717e-01,2.427510e-02,-1.059329e-01,1.302080e-01,2.294862e-02
96,2.762384e-01,2.003176e-02,-1.088958e-01,1.289275e-01,3.466170e-02
97,2.852732e-01,8.388843e-02,-1.118671e-01,1.957555e-01,4.262881e-02
98,2.760166e-01,-5.733658e-02,-9.086926e-02,3.353269e-02,2.569123e-02
99,2.889115e-01,4.451773e-02,-5.222684e-02,9.674457e-02,2.744478e-02
100,2.922108e-01,1.476556e-01,-2.159046e-02,1.692461e-01,2.476801e-02
101,2.788730e-01,4.831152e-02,-2.383317e-02,7.214469e-02,3.014841e-02
102,2.488937e-01,-4.122930e-02,-1.688074e-01,1.275781e-01,-2.965233e-03
103,2.825129e-01,-5.734906e-02,-1.073638e-01,5.001479e-02,1.238058e-02
104,2.791167e-01,1.431254e-01,-2.997993e-02,1.731053e-01,2.135236e-02
105,2.903255e-01,-1.545221e-02,-1.639371e-01,1.484849e-01,2.608887e-02
106,2.616189e-01,-2.393628e-02,-7.329114e-02,4.935486e-02,1.201987e-02
107,2.597485e-01,-1.165114e-02,-1.529162e-01,1.412651e-01,3.926015e-02
108,2.972321e-01,1.148243e-01,-1.244268e-02,1.272669e-01,3.460406e-02
109,2.603153e-01,7.233645e-02,-6.312510e-02,1.354616e-01,1.412002e-02
110,2.658062e-01,5.800198e-03,-1.084252e-01,1.142254e-01,5.182293e-03
111,2.784560e-01,1.203453e-01,2.275410e-02,9.759119e-02,-3.432279e-03
112,2.967612e-01,3.655082e-02,-7.972242e-02,1.162732e-01,5.404087e-02
113,2.778380e-01,6.157286e-02,-4.328309e-02,1.048559e-01,2.664095e-02
114,2.455158e-01,-6.745572e-02,-1.768727e-01,1.094170e-01,2.112772e-02
115,3.401304e-01,1.374436e-01,-4.553256e-02,1.829761e-01,3.729802e-02
116,2.614337e-01,-3.526086e-02,-9.261062e-02,5.734976e-02,5.883084e-03
117,2.761809e-01,-2.210741e-02,-8.341939e-02,6.131197e-02,1.714285e-02
118,2.807911e-01,8.220996e-02,-4.129394e-02,1.235039e-01,3.933023e-02
119,2.649036e-01,5.043568e-02,-9.686587e-02,1.473016e-01,1.408626e-02
120,2.750423e-01,-9.848844e-02,-1.386312e-01,4.014276e-02,9.683788e-03
121,2.621197e-01,1.455566e-02,-8.241572e-02,9.697138e-02,1.759058e-02
122,2.972820e-01,1.153843e-01,4.209466e-03,1.111748e-01,2.831508e-02
123,2.997894e-01,4.408254e-02,-5.536720e-02,9.944974e-02,3.690968e-02
124,2.436567e-01,-6.719710e-03,-1.635679e-01,1.568482e-01,2.098023e-02
125,2.711002e-01,-9.368664e-02,-1.511733e-01,5.748668e-02,4.379518e-03
126,2.937880e-01,3.335074e-02,-1.023214e-01,1.356722e-01,4.597290e-02
127,2.891099e-01,1.200496e-01,-7.284624e-02,1.928958e-01,3.356735e-02
128,2.592631e-01,2.234088e-02,-6.330608e-02,8.564695e-02,3.593717e-03
129,3.058334e-01,9.252768e-02,-1.341247e-02,1.059402e-01,4.985779e-02
130,2.747531e-01,6.194075e-02,-5.363265e-02,1.155734e-01,2.077648e-02
131,2.451220e-01,-1.103591e-01,-1.377357e-01,2.737659e-02,6.988701e-03
132,3.001130e-01,6.839262e-02,-6.884963e-02,1.372423e-01,4.945131e-02
133,2.897808e-01,5.768647e-02,-4.217938e-02,9.986585e-02,2.135095e-02
134,2.630599e-01,-4.209493e-02,-1.269268e-01,8.483191e-02,1.539254e-02
135,2.940324e-01,1.691341e-01,2.229466e-02,1.468394e-01,1.989635e-02
136,2.673452e-01,-3.837855e-02,-1.352592e-01,9.688068e-02,2.314989e-02
137,2.687577e-01,5.495181e-02,-3.414502e-02,8.909683e-02,3.723806e-02
138,2.943903e-01,3.574839e-02,-8.954002e-02,1.252884e-01,2.669091e-02
139,2.753551e-01,-7.699974e-02,-1.771650e-01,1.001653e-01,7.602074e-03
140,2.704939e-01,9.269385e-02,-2.095775e-02,1.136516e-01,1.728546e-02
141,2.727325e-01,1.067756e-02,-1.191508e-01,1.298284e-01,2.635635e-02
142,2.804610e-01,1.297664e-01,-1.769390e-02,1.474603e-01,3.435911e-02
143,3.020826e-01,3.969127e-02,-7.735755e-02,1.170488e-01,5.155281e-02
144,2.578899e-01,-3.482859e-02,-1.355980e-01,1.007694e-01,1.170236e-02
145,2.720941e-01,6.309747e-02,-1.013206e-01,1.644180e-01,2.189039e-02
146,2.852140e-01,1.954044e-02,-3.650654e-02,5.604698e-02,2.832859e-03
147,2.671142e-01,-3.638587e-02,-7.364822e-02,3.726236e-02,4.099843e-03
148,2.949926e-01,-3.804248e-02,-1.258591e-01,8.781659e-02,-1.024542e-03
149,2.831380e-01,1.111465e-01,1.084719e-02,1.002993e-01,2.686652e-02
150,2.921707e-01,-8.628396e-02,-1.022969e-01,1.601297e-02,1.112068e-02
151,2.791242e-01,1.440937e-02,-1.664833e-01,1.808927e-01,1.516853e-02
152,2.636767e-01,1.218793e-01,-2.300096e-02,1.448803e-01,1.046966e-02
153,2.831700e-01,6.762188e-03,-1.402869e-01,1.470490e-01,3.082307e-02
154,2.641299e-01,1.012997e-01,3.512669e-03,9.778703e-02,3.545378e-04
155,3.091236e-01,7.243017e-02,-9.463634e-02,1.670665e-01,6.152618e-02
156,2.879321e-01,9.504969e-02,-2.587924e-03,9.763761e-02,2.384738e-02
157,2.860413e-01,1.010481e-02,-5.734238e-02,6.744719e-02,2.460955e-02
158,2.614524e-01,-1.857757e-02,-8.237125e-02,6.379368e-02,7.664502e-03
159,2.375258e-01,-5.538254e-02,-1.564744e-01,1.010919e-01,1.590456e-02
160,2.903965e-01,4.584310e-02,-1.025698e-01,1.484129e-01,2.520822e-02
161,2.700463e-01,6.479745e-03,-1.148668e-01,1.213465e-01,1.363094e-02
162,2.546705e-01,4.156722e-02,-9.809598e-02,1.396632e-01,-5.645112e-03
163,2.998337e-01,4.195322e-02,-8.257827e-02,1.245315e-01,5.879026e-02
164,2.691799e-01,1.121710e-01,3.732351e-03,1.084387e-01,7.549477e-03
165,2.958114e-01,8.765785e-02,-1.798897e-02,1.056468e-01,1.789145e-02
166,2.447059e-01,-8.596185e-02,-1.692167e-01,8.325488e-02,1.553094e-02
168,2.698192e-01,5.956161e-02,-6.503448e-02,1.245961e-01,3.789776e-02
169,2.716351e-01,4.776571e-02,-4.607980e-02,9.384551e-02,-1.891372e-02
170,2.857263e-01,8.790199e-02,-5.071358e-02,1.386156e-01,4.187798e-02
171,2.717550e-01,4.477245e-02,-1.422049e-01,1.869773e-01,3.090561e-02
172,2.844816e-01,-3.867227e-02,-2.328128e-02,-1.539099e-02,1.415144e-02
173,3.081069e-01,1.443453e-01,-5.736715e-02,2.017125e-01,4.728445e-02
174,2.702037e-01,-2.691841e-02,-1.191823e-01,9.226390e-02,1.328000e-02
175,2.763799e-01,7.784759e-02,-2.901105e-02,1.068586e-01,2.764843e-02
176,2.867439e-01,-3.427936e-02,-8.353569e-02,4.925632e-02,1.349679e-02
177,2.776176e-01,4.123969e-02,-5.075630e-02,9.199599e-02,2.703864e-02
178,2.505502e-01,-4.956058e-02,-1.641958e-01,1.146353e-01,7.921552e-03
179,2.562968e-01,1.775744e-02,-6.495913e-02,8.271656e-02,8.372454e-03
180,2.805724e-01,2.363591e-02,-9.403801e-02,1.176739e-01,2.003507e-02
181,2.994652e-01,9.964853e-02,-7.078479e-02,1.704333e-01,4.947858e-02
182,2.799769e-01,2.794096e-02,-7.781378e-02,1.057547e-01,3.222480e-02
183,2.430604e-01,-1.022134e-01,-1.545829e-01,5.236944e-02,7.304115e-03
184,2.955364e-01,6.314324e-02,8.242919e-03,5.490032e-02,3.592404e-02
185,2.664648e-01,-4.723989e-02,-9.923268e-02,5.199278e-02,9.877193e-04
186,3.255898e-01,2.150560e-01,-6.914063e-03,2.219700e-01,1.865817e-02
187,2.729599e-01,2.305769e-02,-4.465300e-02,6.771069e-02,1.515322e-02
188,2.579303e-01,-2.537855e-02,-1.916572e-01,1.662786e-01,3.303817e-02
189,2.660501e-01,-1.086759e-01,-1.736286e-01,6.495269e-02,1.648422e-02
190,3.010205e-01,1.290079e-01,-3.434789e-02,1.633558e-01,2.899660e-02
191,2.666815e-01,-6.747157e-02,-1.081974e-01,4.072582e-02,1.186628e-02
192,2.711230e-01,8.550808e-02,-5.037486e-02,1.358829e-01,-1.231398e-03
193,2.830985e-01,4.661549e-02,-1.416792e-01,1.882947e-01,8.639517e-03
194,2.601526e-01,6.913117e-03,-2.839073e-02,3.530384e-02,-1.498581e-03
195,2.863984e-01,3.926577e-02,-9.047080e-02,1.297366e-01,3.626092e-02
196,2.974166e-01,1.227481e-01,-4.413315e-02,1.668812e-01,2.327938e-02
197,2.861381e-01,7.044909e-02,-3.283936e-02,1.032885e-01,2.690925e-02
198,2.471113e-01,-8.955271e-02,-1.951158e-01,1.055631e-01,2.245128e-02
199,2.696497e-01,1.319735e-01,2.889140e-02,1.030821e-01,2.604311e-02
200,2.782960e-01,7.058197e-03,-1.005857e-01,1.076439e-01,1.878357e-02
201,2.791726e-01,2.776413e-02,-6.348786e-02,9.125199e-02,1.842109e-02
202,2.861657e-01,2.211964e-02,-7.030664e-02,9.242628e-02,1.102423e-02
203,2.701408e-01,-1.267833e-02,-1.628925e-01,1.502142e-01,4.771488e-02
204,2.934285e-01,1.416989e-02,-5.813644e-02,7.230633e-02,3.566598e-02
205,2.760605e-01,5.932897e-02,-9.653240e-02,1.558614e-01,2.540486e-02
206,2.983214e-01,5.510763e-02,-1.246313e-01,1.797390e-01,5.055182e-02
207,2.736512e-01,6.464502e-03,-5.480658e-02,6.127109e-02,2.805915e-02
208,2.644662e-01,2.171762e-02,-1.287539e-01,1.504715e-01,2.258288e-02
209,2.781862e-01,-2.629407e-02,-6.401219e-02,3.771811e-02,2.221331e-02
210,2.940753e-01,6.178331e-02,-1.265981e-02,7.444311e-02,2.897483e-02
212,2.835198e-01,-1.151569e-02,-1.095307e-01,9.801499e-02,5.337758e-03
213,2.448677e-01,1.195461e-02,-1.099771e-01,1.219317e-01,1.473283e-02
214,2.769044e-01,-5.230833e-03,-1.018477e-01,9.661690e-02,2.492118e-02
215,2.783435e-01,6.806339e-02,-1.271595e-01,1.952229e-01,3.206303e-02
216,3.012822e-01,8.482123e-02,-2.534452e-03,8.735568e-02,5.041623e-02
217,2.625503e-01,-6.935620e-02,-1.268031e-01,5.744694e-02,6.855912e-03
219,3.016230e-01,3.719982e-02,-7.992295e-02,1.171228e-01,4.233125e-02
220,2.545617e-01,-1.552531e-01,-2.364960e-01,8.124287e-02,1.372250e-02
222,2.551448e-01,5.372665e-02,-6.714257e-02,1.208692e-01,1.820773e-02
223,2.759541e-01,-2.990150e-03,-1.292978e-01,1.263077e-01,2.470719e-02
224,2.764961e-01,5.322618e-02,-6.621936e-02,1.194455e-01,5.036998e-03
225,2.504274e-01,-6.818061e-02,-1.459609e-01,7.778032e-02,1.089586e-02
226,3.206788e-01,6.236546e-02,-4.824336e-02,1.106088e-01,5.084405e-02
227,2.714629e-01,-3.766052e-02,-8.900441e-02,5.134390e-02,2.041430e-02
228,2.615466e-01,6.626634e-02,-1.611435e-01,2.274098e-01,3.160496e-02
229,2.724945e-01,6.490532e-02,3.520468e-03,6.138486e-02,5.440714e-03
230,2.881319e-01,-6.688064e-03,-1.335627e-01,1.268746e-01,2.813422e-02
231,2.886063e-01,-5.454208e-02,-9.402953e-02,3.948744e-02,1.143581e-02
232,2.637502e-01,9.103302e-02,-4.276168e-02,1.337947e-01,3.162646e-02
233,2.821019e-01,-4.998899e-02,-1.791003e-01,1.291113e-01,2.068029e-02
234,2.960240e-01,1.227042e-01,-1.264084e-02,1.353450e-01,3.699854e-02
235,2.502409e-01,-1.860317e-02,-1.237814e-01,1.051782e-01,1.238361e-02
236,2.845721e-01,7.157643e-02,-1.895868e-02,9.053511e-02,3.094323e-02
237,2.605923e-01,9.317066e-02,-3.761426e-02,1.307849e-01,3.193243e-03
238,2.674780e-01,8.094261e-04,-1.061284e-01,1.069379e-01,1.502607e-02
239,3.062453e-01,1.566069e-01,3.040242e-03,1.535667e-01,2.568961e-02
240,2.841527e-01,-1.778462e-02,-1.229839e-01,1.051993e-01,2.765155e-02
241,2.854459e-01,7.493300e-02,-3.955715e-02,1.144901e-01,2.003527e-02
242,2.511611e-01,-3.080752e-02,-1.519891e-01,1.211816e-01,8.224022e-03
243,3.025721e-01,4.194001e-02,-5.248701e-02,9.442702e-02,2.616912e-02
244,2.614069e-01,2.055473e-02,-7.440783e-02,9.496256e-02,1.921154e-02
245,3.002413e-01,1.293735e-01,-5.005957e-02,1.794331e-01,4.589861e-02
246,2.565272e-01,-4.188402e-02,-5.938229e-02,1.749827e-02,8.268841e-03
247,2.998168e-01,2.624520e-02,-7.869763e-02,1.049428e-01,4.090822e-02
249,2.735403e-01,8.328778e-02,-8.190649e-02,1.651943e-01,1.182170e-02
250,2.937108e-01,1.328666e-01,1.681818e-02,1.160484e-01,2.302263e-02
251,2.843339e-01,8.531898e-02,-9.564911e-03,9.488390e-02,3.998630e-03
252,2.741525e-01,-7.875132e-02,-1.383547e-01,5.960338e-02,5.626767e-03
253,2.546412e-01,-9.029331e-02,-1.566050e-01,6.631168e-02,1.826036e-02
254,2.893141e-01,2.225684e-02,-9.859708e-02,1.208539e-01,2.464246e-02
255,2.778253e-01,6.478702e-02,-5.100660e-02,1.157936e-01,3.119570e-02
256,2.720674e-01,1.314208e-01,-1.895053e-02,1.503713e-01,2.985276e-03
257,2.731298e-01,6.455745e-02,-3.512171e-02,9.967917e-02,2.359886e-02
258,3.118545e-01,7.743347e-02,-5.376237e-02,1.311958e-01,5.376139e-02
259,2.714139e-01,-5.740655e-02,-1.327388e-01,7.533222e-02,1.080684e-02
260,2.810435e-01,1.383903e-01,-2.281764e-02,1.612079e-01,2.018150e-02
261,2.838696e-01,5.305016e-02,-6.939788e-02,1.224480e-01,3.592807e-02
262,2.504096e-01,3.376600e-02,-1.135016e-01,1.472676e-01,1.577516e-02
263,2.828110e-01,-8.359630e-02,-2.336831e-02,-6.022799e-02,1.473331e-02
264,2.661556e-01,2.494369e-02,-1.463283e-01,1.712720e-01,3.686086e-02
265,2.881451e-01,6.326804e-02,-1.469592e-02,7.796396e-02,2.421182e-02
266,2.920742e-01,9.762351e-02,-9.177656e-02,1.894001e-01,2.996439e-02
267,2.489447e-01,-6.291648e-02,-2.031072e-01,1.401907e-01,1.476933e-02
268,2.884949e-01,5.917977e-02,-7.782532e-02,1.370051e-01,3.554771e-02
269,2.482588e-01,-4.937478e-02,-1.698132e-01,1.204384e-01,2.666755e-02
270,2.915245e-01,7.476735e-02,2.710156e-04,7.449634e-02,6.314435e-04
271,2.686385e-01,2.354334e-02,-9.112605e-02,1.146694e-01,3.310842e-02
272,2.758186e-01,-2.202268e-02,-1.179530e-01,9.593035e-02,1.183375e-02
273,2.824070e-01,5.346808e-02,-7.969993e-02,1.331680e-01,2.465668e-02
274,2.760210e-01,6.335972e-02,-5.601459e-02,1.193743e-01,2.695810e-03
275,3.005843e-01,8.403356e-02,-1.262507e-02,9.665864e-02,3.681231e-02
276,2.669398e-01,-1.369063e-01,-1.830545e-01,4.614821e-02,1.810373e-02
277,3.162365e-01,1.934367e-01,1.962467e-02,1.738120e-01,2.929420e-02
278,2.681471e-01,-7.666653e-02,-1.033112e-01,2.664472e-02,-4.337385e-04
279,2.482452e-01,-1.397166e-01,-2.110117e-01,7.129504e-02,7.763905e-03
280,2.705477e-01,6.448249e-02,-4.757872e-02,1.120612e-01,3.424937e-02
281,2.616759e-01,-1.430718e-02,-1.630778e-01,1.487706e-01,5.244548e-04
283,2.791924e-01,8.508120e-02,-7.284177e-02,1.579230e-01,2.209108e-02
284,2.462249e-01,5.311033e-02,-1.895898e-03,5.500623e-02,-1.156112e-02
285,2.853456e-01,3.921597e-02,-5.822804e-02,9.744400e-02,4.373193e-02
286,2.871005e-01,2.803202e-02,-7.162479e-02,9.965682e-02,9.535983e-03
287,2.777737e-01,6.847501e-03,-1.500650e-01,1.569125e-01,3.999464e-02
288,2.522896e-01,1.973342e-02,-8.963359e-02,1.093670e-01,9.160447e-03
289,2.370054e-01,-5.475132e-02,-1.373725e-01,8.262114e-02,3.915369e-03
290,2.886074e-01,7.114255e-02,-3.292998e-02,1.040725e-01,3.034072e-02
292,3.049277e-01,1.385112e-01,-1.841670e-02,1.569279e-01,4.144579e-02
293,2.683849e-01,6.248654e-02,-2.797558e-02,9.046212e-02,3.691929e-04
294,2.811934e-01,-1.795203e-02,-1.575347e-01,1.395827e-01,3.006429e-02
296,2.912064e-01,1.506932e-02,-6.939563e-02,8.446494e-02,2.275693e-02
297,2.819871e-01,7.845371e-03,-1.423777e-02,2.208314e-02,-2.148554e-03
298,2.447429e-01,-4.229453e-02,-1.096681e-01,6.737356e-02,-8.013483e-03
299,3.062049e-01,9.182461e-02,-1.217738e-01,2.135984e-01,4.497841e-02
300,2.649793e-01,2.470182e-02,-2.910788e-02,5.380970e-02,1.681593e-03
301,2.822327e-01,-4.325770e-02,-1.002039e-01,5.694619e-02,1.270369e-02
302,2.534442e-01,8.503445e-03,-1.256690e-01,1.341724e-01,2.153272e-02
303,3.060330e-01,7.061786e-02,-5.929403e-02,1.299119e-01,4.028815e-02
304,2.763474e-01,9.362975e-02,-3.892042e-02,1.325502e-01,2.037061e-02
305,2.830093e-01,1.100026e-01,-4.219214e-02,1.521948e-01,3.721358e-02
306,2.857304e-01,-2.823646e-02,-1.578718e-01,1.296354e-01,1.216555e-03
307,2.947050e-01,8.148104e-02,-6.143051e-02,1.429116e-01,4.469940e-02
308,2.493118e-01,-5.217424e-02,-1.500303e-01,9.785606e-02,9.868212e-03
309,2.609095e-01,-7.012572e-02,-1.269415e-01,5.681576e-02,1.654718e-02
310,2.895630e-01,2.663297e-02,-5.059455e-02,7.722752e-02,1.628316e-02
311,2.666995e-01,-4.924779e-02,-1.260850e-01,7.683720e-02,2.470979e-02
312,2.826932e-01,1.638787e-01,3.112594e-02,1.327528e-01,1.528225e-02
313,2.893760e-01,2.004837e-02,-1.061268e-01,1.261752e-01,5.580354e-03
314,2.694957e-01,6.124031e-02,-8.686833e-03,6.992714e-02,3.558244e-02
315,2.641387e-01,9.624878e-02,-3.086048e-02,1.271093e-01,1.932708e-02
317,2.653530e-01,1.080770e-02,1.317322e-03,9.490373e-03,4.615374e-03
318,2.938519e-01,1.291661e-01,-2.922659e-02,1.583927e-01,3.712783e-02
319,2.527082e-01,3.060235e-02,-1.024835e-01,1.330859e-01,1.537098e-02
320,3.028196e-01,2.462379e-02,-7.388575e-02,9.850953e-02,5.090500e-02
321,2.592043e-01,-8.694843e-02,-1.760808e-01,8.913241e-02,1.005184e-02
322,2.879649e-01,3.326891e-02,-3.754657e-02,7.081548e-02,2.277762e-02
323,2.653325e-01,-1.948725e-02,-1.115569e-01,9.206969e-02,2.092442e-02
324,3.014326e-01,8.634207e-02,-1.594354e-02,1.022856e-01,2.885383e-02
326,2.787066e-01,-3.805203e-02,-1.587766e-01,1.207246e-01,1.924737e-02
327,2.904194e-01,6.722755e-02,-1.984347e-02,8.707102e-02,3.037470e-03
328,2.652177e-01,7.208545e-02,-9.423774e-02,1.663232e-01,1.351678e-02
330,2.516177e-01,-6.802068e-02,-1.223972e-01,5.437655e-02,9.337835e-03
331,2.477304e-01,-3.855263e-04,-1.747805e-01,1.743950e-01,1.603359e-02
332,2.700363e-01,-4.737497e-02,-5.827840e-02,1.090343e-02,7.316400e-03
333,2.934474e-01,3.226869e-02,-1.308532e-01,1.631219e-01,5.037768e-02
334,2.775483e-01,7.234415e-02,1.939230e-02,5.295185e-02,1.800392e-02
335,2.639563e-01,4.291044e-02,-7.437608e-02,1.172865e-01,3.445517e-02
336,2.880080e-01,3.571477e-02,-7.096820e-02,1.066830e-01,2.269173e-02
337,2.748227e-01,5.713231e-02,-7.253566e-02,1.296680e-01,4.205754e-02
338,2.746029e-01,1.007643e-01,-2.592803e-02,1.266924e-01,-6.701658e-03
339,2.820403e-01,6.112760e-02,-1.259079e-02,7.371840e-02,7.543770e-03
340,2.567436e-01,-8.743393e-02,-1.575048e-01,7.007088e-02,1.464645e-02
341,2.725529e-01,3.102134e-02,-1.075753e-01,1.385967e-01,2.202500e-02
342,2.645212e-01,-3.726082e-02,-9.416103e-02,5.690021e-02,5.317675e-04
343,3.084618e-01,2.229732e-02,-1.258241e-01,1.481214e-01,5.170614e-02
344,2.787237e-01,1.235820e-01,1.077976e-03,1.225040e-01,2.465547e-02
345,2.415319e-01,-1.984046e-02,-1.497170e-01,1.298766e-01,1.146910e-03
346,2.785608e-01,3.989298e-02,-4.114762e-02,8.104060e-02,2.056767e-02
347,2.709200e-01,9.478819e-02,-2.685209e-02,1.216403e-01,2.021022e-02
348,2.799933e-01,-1.061035e-01,-2.113244e-01,1.052209e-01,9.539819e-03
349,2.541297e-01,-5.206779e-02,-5.379083e-02,1.723042e-03,-4.131995e-03
350,2.931631e-01,9.956512e-02,-5.126534e-02,1.508305e-01,4.410303e-02
351,2.863515e-01,1.018914e-01,-1.070342e-01,2.089256e-01,3.754849e-02
352,2.925117e-01,-6.568945e-02,-8.117566e-02,1.548620e-02,2.330812e-02
353,2.765718e-01,-4.826416e-03,-1.098502e-01,1.050238e-01,2.330337e-02
354,2.801001e-01,3.128313e-02,-6.900221e-02,1.002853e-01,7.920778e-03
355,2.533301e-01,1.240280e-02,-8.018513e-02,9.258793e-02,1.051891e-02
356,2.890415e-01,6.589843e-02,-5.059113e-02,1.164896e-01,2.287272e-02
357,3.111597e-01,1.547662e-01,3.742274e-02,1.173435e-01,1.789921e-02
358,2.803404e-01,7.526793e-03,-1.348269e-01,1.423537e-01,3.894470e-02
359,2.556167e-01,-9.684996e-02,-1.255572e-01,2.870723e-02,7.153250e-03
360,3.016066e-01,8.754484e-02,-5.480849e-02,1.423533e-01,4.762394e-02
361,2.645999e-01,-9.252971e-02,-1.848198e-01,9.229005e-02,7.733803e-03
362,2.681399e-01,-1.661427e-02,-9.060718e-02,7.399291e-02,3.115887e-02
363,2.784230e-01,2.494769e-02,-1.085746e-01,1.335223e-01,2.326569e-02
365,2.770536e-01,-1.326308e-02,-8.645001e-02,7.318694e-02,1.572949e-02
366,2.570202e-01,8.259886e-02,-9.793077e-02,1.805296e-01,2.358894e-02
367,3.000762e-01,4.611609e-03,-2.323954e-02,2.785115e-02,2.239796e-02
368,2.742975e-01,6.841031e-02,-1.056888e-01,1.740991e-01,1.907467e-02
369,2.493262e-01,4.509554e-02,-1.885209e-02,6.394764e-02,2.456750e-03
371,2.973557e-01,9.671477e-02,-4.300781e-02,1.397226e-01,3.629671e-02
372,2.836041e-01,-8.411577e-02,-1.090724e-01,2.495663e-02,2.289368e-02
373,2.599177e-01,-4.801301e-02,-1.158237e-01,6.781067e-02,1.372124e-02
374,2.848588e-01,6.457033e-02,-2.928119e-02,9.385152e-02,2.476609e-02
375,2.806372e-01,4.589715e-02,-8.206939e-02,1.279665e-01,2.677813e-02
377,2.988078e-01,6.980934e-02,-9.476326e-02,1.645726e-01,3.156630e-02
378,2.760473e-01,1.355525e-01,1.856908e-02,1.169835e-01,1.907658e-02
379,3.131450e-01,1.150571e-01,9.929014e-03,1.051280e-01,3.095908e-02
380,2.676491e-01,-1.076790e-02,-1.715147e-01,1.607468e-01,3.023876e-02
381,2.947757e-01,2.915817e-02,-1.280648e-01,1.572230e-01,4.151039e-02
382,2.639898e-01,4.080645e-02,-8.234849e-02,1.231549e-01,1.264292e-02
383,2.568673e-01,4.919500e-02,-9.009989e-02,1.392949e-01,1.064148e-02
384,2.681709e-01,-3.192646e-02,-5.031719e-02,1.839073e-02,6.638653e-03
385,2.679633e-01,1.066959e-01,1.387424e-02,9.282164e-02,1.149002e-02
386,2.850415e-01,-6.216669e-02,-9.286045e-02,3.069376e-02,2.691717e-02
387,2.994331e-01,1.085599e-01,-8.660125e-02,1.951612e-01,5.076054e-02
388,2.530240e-01,4.251490e-02,-5.390721e-02,9.642211e-02,8.403632e-03
389,2.604568e-01,-4.800096e-02,-7.640230e-02,2.840134e-02,4.493395e-03
390,2.951659e-01,3.762082e-02,-1.638605e-01,2.014813e-01,4.037408e-02
391,3.009188e-01,1.174139e-01,1.117124e-02,1.062426e-01,4.350354e-02
392,2.546753e-01,-9.011243e-02,-1.352091e-01,4.509671e-02,5.254288e-03
393,2.857324e-01,5.222705e-02,7.934070e-03,4.429298e-02,-1.782776e-05
394,2.761586e-01,1.887572e-02,-1.238147e-01,1.426904e-01,3.896464e-02
395,2.637959e-01,-1.148262e-02,-2.028705e-01,1.913879e-01,3.736111e-02
396,2.882521e-01,1.470742e-02,-5.018403e-02,6.489145e-02,1.762436e-02
397,2.695405e-01,1.056814e-01,-1.354777e-01,2.411591e-01,3.870469e-03
398,2.763452e-01,2.663681e-02,-2.585747e-02,5.249428e-02,2.895191e-02
399,2.785052e-01,7.962189e-02,-7.434266e-02,1.539645e-01,2.144970e-02
400,2.648200e-01,-4.905757e-02,-1.162928e-01,6.723523e-02,1.418491e-02
401,2.820272e-01,8.888372e-02,-7.081557e-02,1.596993e-01,2.894496e-02
402,2.642653e-01,-1.901401e-02,-3.822776e-02,1.921375e-02,-5.187932e-03
404,2.698984e-01,-5.522832e-02,-1.477453e-01,9.251694e-02,8.588840e-03
405,2.704100e-01,-2.633352e-02,-1.510863e-01,1.247528e-01,1.975263e-02
406,2.665872e-01,1.927281e-02,-6.464397e-02,8.391677e-02,1.639215e-02
407,2.886835e-01,-3.511416e-02,-1.380066e-01,1.028924e-01,1.721113e-02
408,3.007019e-01,1.478495e-01,-2.045710e-02,1.683066e-01,3.119674e-02
409,2.455114e-01,-9.129730e-02,-1.827303e-01,9.143301e-02,1.463581e-02
410,2.787796e-01,6.376858e-02,-2.220013e-02,8.596871e-02,2.286820e-02
411,2.687087e-01,5.562473e-02,-7.562474e-02,1.312495e-01,3.184696e-02
412,3.162548e-01,1.405880e-01,4.718838e-02,9.339964e-02,3.298801e-02
413,2.753372e-01,-7.600396e-03,-4.411632e-02,3.651592e-02,5.753324e-04
414,2.984243e-01,7.577868e-02,-6.036775e-02,1.361464e-01,4.657425e-02
415,2.582143e-01,-1.031102e-01,-1.489669e-01,4.585672e-02,1.535165e-02
416,2.550400e-01,3.628833e-02,-1.119342e-01,1.482225e-01,1.166275e-02
417,2.956392e-01,4.867926e-02,-1.029760e-01,1.516553e-01,2.685781e-02
418,2.649011e-01,-2.996161e-02,-1.126522e-01,8.269054e-02,2.047656e-02
419,2.517910e-01,-1.895201e-02,-8.178472e-02,6.283271e-02,1.708007e-02
420,3.050411e-01,7.897217e-02,-4.300103e-02,1.219732e-01,5.399387e-02
421,2.838734e-01,1.135908e-01,-2.794175e-02,1.415326e-01,2.840740e-02
422,2.780899e-01,-1.987002e-02,-1.147406e-01,9.487062e-02,1.224963e-02
423,2.730932e-01,-8.782782e-03,-1.029939e-01,9.421117e-02,1.227729e-02
424,2.723307e-01,-5.376739e-02,-8.481244e-02,3.104505e-02,2.389621e-02
425,2.782114e-01,-7.189488e-02,-2.099042e-01,1.380093e-01,3.919784e-02
426,2.430257e-01,4.175994e-02,-7.432012e-02,1.160801e-01,6.201259e-03
427,2.838622e-01,4.947523e-03,-1.202336e-01,1.251811e-01,2.340451e-02
428,2.638063e-01,5.547753e-02,-1.716495e-02,7.264248e-02,6.593415e-03
429,3.004557e-01,9.830893e-02,-7.057429e-02,1.688832e-01,4.451055e-02
430,2.454173e-01,-1.010351e-01,-1.491748e-01,4.813971e-02,9.925116e-03
431,3.062540e-01,1.109604e-01,-1.984060e-02,1.308010e-01,5.153959e-02
432,2.769259e-01,6.677365e-02,-6.965949e-02,1.364331e-01,3.141689e-02
433,2.679345e-01,1.205470e-01,-2.530864e-03,1.230779e-01,1.117349e-03
434,2.809218e-01,-2.334607e-04,-1.603727e-01,1.601392e-01,2.880490e-02
435,2.745653e-01,-5.500008e-02,-7.344227e-02,1.844218e-02,1.289393e-02
436,2.968229e-01,4.064780e-02,-7.704779e-02,1.176956e-01,2.906839e-02
437,2.611947e-01,5.212170e-03,-8.191452e-02,8.712669e-02,1.543401e-02
438,2.904377e-01,3.188612e-02,-5.244483e-02,8.433095e-02,2.533090e-02
439,3.085837e-01,8.725992e-02,-9.746954e-02,1.847295e-01,5.276817e-02
440,2.599606e-01,3.923681e-02,4.652030e-03,3.458478e-02,-4.849062e-03
441,2.784356e-01,-7.404861e-03,-9.833694e-02,9.093208e-02,2.297516e-02
442,2.880737e-01,1.403156e-01,1.342093e-02,1.268947e-01,3.875322e-02
443,2.637258e-01,-2.056711e-02,-3.717821e-02,1.661110e-02,4.108371e-03
444,2.782075e-01,2.438725e-02,-1.576115e-01,1.819988e-01,3.157401e-02
445,2.923788e-01,-4.582347e-02,-1.519535e-01,1.061300e-01,6.921509e-03
446,2.891290e-01,9.413177e-02,-3.245582e-02,1.265876e-01,5.246414e-02
447,2.768114e-01,5.938915e-02,-1.265216e-01,1.859107e-01,2.703731e-02
448,2.849863e-01,4.729768e-02,-2.286089e-02,7.015856e-02,1.172108e-02
449,2.504762e-01,1.638589e-03,-1.443708e-01,1.460094e-01,1.948745e-02
450,2.725046e-01,-1.541271e-02,-4.244807e-02,2.703536e-02,1.308170e-02
451,2.653702e-01,4.695612e-02,-7.578802e-02,1.227441e-01,2.467136e-02
452,3.041903e-01,1.169570e-01,-2.086956e-02,1.378265e-01,2.541731e-02
453,2.738441e-01,-4.257220e-02,-4.636543e-02,3.793230e-03,-1.336389e-03
454,2.991280e-01,8.692699e-02,-1.605185e-01,2.474455e-01,2.349625e-02
455,2.737205e-01,4.820720e-02,1.160610e-02,3.660110e-02,-1.373969e-03
456,2.527373e-01,1.066356e-02,-1.152902e-01,1.259537e-01,2.896287e-02
457,2.869172e-01,-5.038155e-02,-4.711395e-02,-3.267602e-03,4.496675e-03
458,2.814901e-01,7.825130e-02,-1.015107e-01,1.797620e-01,3.314752e-02
459,2.748920e-01,-4.702396e-02,-1.439435e-01,9.691957e-02,1.966646e-02
460,2.907333e-01,8.684434e-02,-4.710614e-02,1.339505e-01,3.810676e-02
461,3.005799e-01,7.445060e-02,-1.018385e-01,1.762891e-01,5.640400e-02
462,2.541121e-01,-7.719569e-02,-1.624031e-01,8.520741e-02,1.970549e-02
463,2.633258e-01,8.622775e-02,-1.745794e-02,1.036857e-01,1.239121e-02
464,2.759902e-01,-6.065672e-03,-8.288443e-02,7.681876e-02,1.779368e-02
465,2.938842e-01,1.575677e-01,-1.367914e-02,1.712469e-01,1.209981e-02
466,2.758368e-01,-5.357145e-02,-1.803103e-01,1.267388e-01,2.565178e-02
467,2.849643e-01,7.077790e-02,-4.216898e-02,1.129469e-01,3.449317e-02
468,2.597427e-01,-4.905415e-02,-1.256673e-01,7.661317e-02,8.888369e-03
469,2.923814e-01,5.975507e-02,-1.305382e-01,1.902933e-01,6.126139e-02
470,2.613801e-01,1.152665e-01,-1.823553e-02,1.335020e-01,1.070625e-02
471,2.873035e-01,-1.444474e-03,-1.146773e-01,1.132329e-01,2.098681e-02
472,2.618401e-01,6.638865e-02,-1.003151e-02,7.642016e-02,8.637656e-03
474,2.866173e-01,1.010785e-01,2.165495e-03,9.891301e-02,4.096161e-02
475,2.620631e-01,1.529654e-02,-7.406328e-02,8.935982e-02,3.636471e-03
476,2.772494e-01,-2.104646e-02,-1.707405e-01,1.496940e-01,8.125460e-03
477,2.950185e-01,1.500384e-01,7.061821e-03,1.429766e-01,4.943535e-02
478,2.699029e-01,-2.730167e-03,-5.902683e-02,5.629666e-02,1.059337e-02
479,2.695072e-01,2.934519e-02,-1.433600e-01,1.727051e-01,3.238254e-02
480,2.888111e-01,-7.030724e-03,-4.736591e-02,4.033519e-02,1.136889e-02
481,2.866686e-01,6.122716e-02,-8.691780e-02,1.481450e-01,4.183360e-02
482,2.761788e-01,3.206927e-02,-7.272324e-02,1.047925e-01,1.700252e-02
483,2.444680e-01,-6.751809e-02,-6.762862e-02,1.105333e-04,3.882621e-03
484,2.679997e-01,1.955489e-02,-1.451485e-01,1.647034e-01,3.426321e-02
485,2.887935e-01,5.446561e-02,-7.894300e-03,6.235991e-02,2.171764e-03
486,2.919527e-01,6.511345e-02,-8.557176e-02,1.506852e-01,3.265783e-02
487,2.643629e-01,7.882103e-02,-7.221742e-02,1.510384e-01,2.220607e-02
488,2.743250e-01,2.112461e-02,-7.598273e-02,9.710734e-02,2.861429e-02
489,2.534164e-01,-1.477312e-01,-1.998618e-01,5.213061e-02,1.412760e-02
490,2.955325e-01,8.941794e-02,-2.377515e-02,1.131931e-01,2.249325e-02
491,3.098858e-01,9.195898e-02,-9.974361e-02,1.917026e-01,3.047948e-02
492,2.610371e-01,9.037817e-02,-1.016930e-02,1.005475e-01,-3.847596e-03
493,2.853727e-01,-1.014562e-02,-5.406295e-02,4.391733e-02,2.230430e-02
494,2.902750e-01,5.284562e-02,-9.207338e-02,1.449190e-01,4.600622e-02
495,3.108296e-01,1.253626e-01,-3.369982e-03,1.287326e-01,3.648239e-02
496,2.574722e-01,-4.844446e-02,-1.240871e-01,7.564269e-02,-1.144205e-03
497,2.768288e-01,1.924666e-01,2.007490e-02,1.723917e-01,3.174894e-02
498,2.704048e-01,-8.184372e-02,-1.443188e-01,6.247511e-02,8.916189e-03
499,2.749732e-01,2.333525e-02,-3.960242e-02,6.293767e-02,4.872561e-03
500,3.004615e-01,9.447882e-02,-7.583826e-02,1.703171e-01,4.595101e-02
